<?xml version="1.0" encoding="UTF-8"?>
<!DOCTYPE suite SYSTEM "https://testng.org/testng-1.0.dtd">
<suite name="Calley Teams Full Setup Test Suite" parallel="false" verbose="1">
    
    <parameter name="browser" value="chrome"/>
    
    <listeners>
        <listener class-name="org.testng.reporters.EmailableReporter"/>
        <listener class-name="org.testng.reporters.XMLReporter"/>
    </listeners>
    
    <!-- Complete End-to-End Test -->
    <test name="Complete Calley Teams Setup Test" preserve-order="true">
        <classes>
            <class name="com.calley.tests.FullSetupTest"/>
        </classes>
    </test>
    
    <!-- Individual Feature Tests -->
    <test name="Registration Tests" preserve-order="true">
        <classes>
            <class name="com.calley.tests.RegistrationTest"/>
        </classes>
    </test>
    
    <test name="Login Tests" preserve-order="true">
        <classes>
            <class name="com.calley.tests.LoginTest"/>
        </classes>
    </test>
    
    <test name="Agent Management Tests" preserve-order="true">
        <classes>
            <class name="com.calley.tests.AgentTest"/>
        </classes>
    </test>
    
    <test name="CSV Upload Tests" preserve-order="true">
        <classes>
            <class name="com.calley.tests.CSVUploadTest"/>
        </classes>
    </test>
    
</suite>
